UID,채무 불이행 확률
TEST_0000,0.3383521
TEST_0001,0.43917122
TEST_0002,0.43245035
TEST_0003,0.13581137
TEST_0004,0.33340198
TEST_0005,0.13780583
TEST_0006,0.65266484
TEST_0007,0.47217542
TEST_0008,0.17101756
TEST_0009,0.44152892
TEST_0010,0.3371727
TEST_0011,0.14358121
TEST_0012,0.1496647
TEST_0013,0.27776244
TEST_0014,0.459049
TEST_0015,0.124872044
TEST_0016,0.3016709
TEST_0017,0.1312054
TEST_0018,0.08003933
TEST_0019,0.433613
TEST_0020,0.264737
TEST_0021,0.40989408
TEST_0022,0.19426684
TEST_0023,0.2912665
TEST_0024,0.3066574
TEST_0025,0.3347529
TEST_0026,0.21677475
TEST_0027,0.4036923
TEST_0028,0.62183183
TEST_0029,0.9180849
TEST_0030,0.075765215
TEST_0031,0.27699363
TEST_0032,0.17410484
TEST_0033,0.75097615
TEST_0034,0.22107714
TEST_0035,0.090489246
TEST_0036,0.15594839
TEST_0037,0.15214099
TEST_0038,0.46513915
TEST_0039,0.4420668
TEST_0040,0.642267
TEST_0041,0.18727742
TEST_0042,0.054498952
TEST_0043,0.28639984
TEST_0044,0.16716109
TEST_0045,0.17540541
TEST_0046,0.1922919
TEST_0047,0.2736008
TEST_0048,0.44136226
TEST_0049,0.2552831
TEST_0050,0.39737663
TEST_0051,0.07490798
TEST_0052,0.43929175
TEST_0053,0.4279749
TEST_0054,0.09248315
TEST_0055,0.09094529
TEST_0056,0.04499755
TEST_0057,0.13386273
TEST_0058,0.6926039
TEST_0059,0.22185811
TEST_0060,0.05583051
TEST_0061,0.04315713
TEST_0062,0.434129
TEST_0063,0.27259034
TEST_0064,0.3504915
TEST_0065,0.16843066
TEST_0066,0.13440499
TEST_0067,0.05848953
TEST_0068,0.23155925
TEST_0069,0.26303908
TEST_0070,0.20901023
TEST_0071,0.37611943
TEST_0072,0.027659828
TEST_0073,0.16261905
TEST_0074,0.15163179
TEST_0075,0.31755072
TEST_0076,0.099792846
TEST_0077,0.2081152
TEST_0078,0.15032384
TEST_0079,0.17009938
TEST_0080,0.094918296
TEST_0081,0.3530778
TEST_0082,0.4763613
TEST_0083,0.59019095
TEST_0084,0.36664173
TEST_0085,0.19703758
TEST_0086,0.3924932
TEST_0087,0.2622199
TEST_0088,0.0638141
TEST_0089,0.3882767
TEST_0090,0.64332175
TEST_0091,0.07146035
TEST_0092,0.3945215
TEST_0093,0.39893043
TEST_0094,0.2648194
TEST_0095,0.2191373
TEST_0096,0.06427144
TEST_0097,0.37196428
TEST_0098,0.50161487
TEST_0099,0.21161015
TEST_0100,0.22489004
TEST_0101,0.059441548
TEST_0102,0.18402752
TEST_0103,0.19209674
TEST_0104,0.68015635
TEST_0105,0.1922535
TEST_0106,0.5020019
TEST_0107,0.22500762
TEST_0108,0.034839615
TEST_0109,0.078353696
TEST_0110,0.043178547
TEST_0111,0.40738592
TEST_0112,0.15957355
TEST_0113,0.4736167
TEST_0114,0.36961266
TEST_0115,0.34951842
TEST_0116,0.3204608
TEST_0117,0.071532555
TEST_0118,0.10928086
TEST_0119,0.3920457
TEST_0120,0.2257391
TEST_0121,0.19550635
TEST_0122,0.07532227
TEST_0123,0.13474782
TEST_0124,0.23676428
TEST_0125,0.2914195
TEST_0126,0.1322891
TEST_0127,0.3474583
TEST_0128,0.09359029
TEST_0129,0.64073443
TEST_0130,0.23370779
TEST_0131,0.14933167
TEST_0132,0.31776965
TEST_0133,0.20567682
TEST_0134,0.30593202
TEST_0135,0.38081893
TEST_0136,0.63526267
TEST_0137,0.36571324
TEST_0138,0.88361895
TEST_0139,0.82591856
TEST_0140,0.5458723
TEST_0141,0.2231823
TEST_0142,0.13739489
TEST_0143,0.15065783
TEST_0144,0.13320671
TEST_0145,0.31223804
TEST_0146,0.44536734
TEST_0147,0.15114336
TEST_0148,0.19764343
TEST_0149,0.31580248
TEST_0150,0.6905726
TEST_0151,0.5013997
TEST_0152,0.7154273
TEST_0153,0.10044072
TEST_0154,0.64803886
TEST_0155,0.083930425
TEST_0156,0.6657829
TEST_0157,0.037666753
TEST_0158,0.3943778
TEST_0159,0.07163539
TEST_0160,0.70347947
TEST_0161,0.17702082
TEST_0162,0.17210245
TEST_0163,0.43652987
TEST_0164,0.22047694
TEST_0165,0.028010063
TEST_0166,0.31375432
TEST_0167,0.68059975
TEST_0168,0.2693462
TEST_0169,0.5735716
TEST_0170,0.5482717
TEST_0171,0.18541335
TEST_0172,0.19548026
TEST_0173,0.20452812
TEST_0174,0.20741354
TEST_0175,0.31185275
TEST_0176,0.22455546
TEST_0177,0.38616192
TEST_0178,0.29605857
TEST_0179,0.41748402
TEST_0180,0.3205911
TEST_0181,0.08881481
TEST_0182,0.19425465
TEST_0183,0.038198337
TEST_0184,0.69330233
TEST_0185,0.13085397
TEST_0186,0.0827031
TEST_0187,0.20492432
TEST_0188,0.18578179
TEST_0189,0.12860458
TEST_0190,0.2577991
TEST_0191,0.06851264
TEST_0192,0.13008517
TEST_0193,0.11823694
TEST_0194,0.025206037
TEST_0195,0.2315897
TEST_0196,0.6937612
TEST_0197,0.28068227
TEST_0198,0.27359548
TEST_0199,0.5115572
TEST_0200,0.12575322
TEST_0201,0.45744598
TEST_0202,0.1630238
TEST_0203,0.09372036
TEST_0204,0.2700155
TEST_0205,0.54739153
TEST_0206,0.43081865
TEST_0207,0.025402965
TEST_0208,0.07637843
TEST_0209,0.40316862
TEST_0210,0.3911461
TEST_0211,0.66327864
TEST_0212,0.4125401
TEST_0213,0.2846004
TEST_0214,0.09570301
TEST_0215,0.16553143
TEST_0216,0.13127047
TEST_0217,0.36165008
TEST_0218,0.025436847
TEST_0219,0.40703985
TEST_0220,0.32153556
TEST_0221,0.15041865
TEST_0222,0.77199906
TEST_0223,0.3786674
TEST_0224,0.12706582
TEST_0225,0.30273458
TEST_0226,0.22660145
TEST_0227,0.24456857
TEST_0228,0.34278375
TEST_0229,0.038824502
TEST_0230,0.26782778
TEST_0231,0.57630414
TEST_0232,0.29562166
TEST_0233,0.2156059
TEST_0234,0.06401354
TEST_0235,0.48215222
TEST_0236,0.2251234
TEST_0237,0.43330687
TEST_0238,0.25533676
TEST_0239,0.22300576
TEST_0240,0.27006164
TEST_0241,0.31547773
TEST_0242,0.265197
TEST_0243,0.5719338
TEST_0244,0.11922034
TEST_0245,0.74701726
TEST_0246,0.12083351
TEST_0247,0.7523306
TEST_0248,0.27951723
TEST_0249,0.24426852
TEST_0250,0.046402674
TEST_0251,0.72106963
TEST_0252,0.82084167
TEST_0253,0.5512671
TEST_0254,0.015363221
TEST_0255,0.7803815
TEST_0256,0.45585272
TEST_0257,0.15015316
TEST_0258,0.13018101
TEST_0259,0.057439633
TEST_0260,0.095756084
TEST_0261,0.27082977
TEST_0262,0.26529038
TEST_0263,0.3365021
TEST_0264,0.50176334
TEST_0265,0.18693334
TEST_0266,0.12550041
TEST_0267,0.18710017
TEST_0268,0.3941729
TEST_0269,0.13747418
TEST_0270,0.081003934
TEST_0271,0.17780691
TEST_0272,0.214417
TEST_0273,0.5155971
TEST_0274,0.06991965
TEST_0275,0.10492778
TEST_0276,0.09759395
TEST_0277,0.10088206
TEST_0278,0.22160342
TEST_0279,0.32682002
TEST_0280,0.13760276
TEST_0281,0.083578214
TEST_0282,0.018649329
TEST_0283,0.3575938
TEST_0284,0.19456926
TEST_0285,0.2861466
TEST_0286,0.13394023
TEST_0287,0.4149189
TEST_0288,0.14436075
TEST_0289,0.07071713
TEST_0290,0.21827671
TEST_0291,0.080311514
TEST_0292,0.17114663
TEST_0293,0.108390264
TEST_0294,0.038328968
TEST_0295,0.4539066
TEST_0296,0.052797794
TEST_0297,0.17877126
TEST_0298,0.3880931
TEST_0299,0.42074016
TEST_0300,0.124768816
TEST_0301,0.1130341
TEST_0302,0.3866572
TEST_0303,0.216536
TEST_0304,0.08371544
TEST_0305,0.16726612
TEST_0306,0.4225005
TEST_0307,0.7827313
TEST_0308,0.8454343
TEST_0309,0.059266254
TEST_0310,0.06015772
TEST_0311,0.60942495
TEST_0312,0.396237
TEST_0313,0.26871955
TEST_0314,0.5771004
TEST_0315,0.46320432
TEST_0316,0.078355044
TEST_0317,0.70889705
TEST_0318,0.11879867
TEST_0319,0.55866873
TEST_0320,0.33234534
TEST_0321,0.6245607
TEST_0322,0.7380642
TEST_0323,0.30761233
TEST_0324,0.8419283
TEST_0325,0.0491395
TEST_0326,0.5003794
TEST_0327,0.11478971
TEST_0328,0.51353854
TEST_0329,0.3269072
TEST_0330,0.10126938
TEST_0331,0.123122215
TEST_0332,0.4056794
TEST_0333,0.20437321
TEST_0334,0.23789603
TEST_0335,0.32527274
TEST_0336,0.10115992
TEST_0337,0.5114606
TEST_0338,0.33537748
TEST_0339,0.100559145
TEST_0340,0.41634652
TEST_0341,0.045473095
TEST_0342,0.33302262
TEST_0343,0.48983458
TEST_0344,0.14550544
TEST_0345,0.15737578
TEST_0346,0.18081532
TEST_0347,0.31672376
TEST_0348,0.4988804
TEST_0349,0.65402985
TEST_0350,0.17282304
TEST_0351,0.15915942
TEST_0352,0.2597692
TEST_0353,0.36409628
TEST_0354,0.23122102
TEST_0355,0.64003026
TEST_0356,0.2922661
TEST_0357,0.11461157
TEST_0358,0.3411698
TEST_0359,0.25125295
TEST_0360,0.031994466
TEST_0361,0.12004978
TEST_0362,0.28302705
TEST_0363,0.33385992
TEST_0364,0.3802154
TEST_0365,0.29443794
TEST_0366,0.37327853
TEST_0367,0.55214494
TEST_0368,0.24760383
TEST_0369,0.2664847
TEST_0370,0.33916628
TEST_0371,0.11639368
TEST_0372,0.16492024
TEST_0373,0.058181297
TEST_0374,0.43847635
TEST_0375,0.020884192
TEST_0376,0.15636101
TEST_0377,0.42332697
TEST_0378,0.28659132
TEST_0379,0.5283903
TEST_0380,0.15671961
TEST_0381,0.44219393
TEST_0382,0.35115656
TEST_0383,0.19008821
TEST_0384,0.07602539
TEST_0385,0.18911454
TEST_0386,0.24088211
TEST_0387,0.48147643
TEST_0388,0.024709096
TEST_0389,0.12562497
TEST_0390,0.19438016
TEST_0391,0.36227512
TEST_0392,0.17055151
TEST_0393,0.52517784
TEST_0394,0.13638002
TEST_0395,0.2204993
TEST_0396,0.39435005
TEST_0397,0.2569754
TEST_0398,0.34046113
TEST_0399,0.12510158
TEST_0400,0.1681122
TEST_0401,0.22428317
TEST_0402,0.5856653
TEST_0403,0.29868805
TEST_0404,0.19568609
TEST_0405,0.10947785
TEST_0406,0.19704951
TEST_0407,0.7955541
TEST_0408,0.29244363
TEST_0409,0.4237443
TEST_0410,0.44239607
TEST_0411,0.15334477
TEST_0412,0.30815378
TEST_0413,0.1215859
TEST_0414,0.12038604
TEST_0415,0.50775546
TEST_0416,0.023450943
TEST_0417,0.6028352
TEST_0418,0.18087357
TEST_0419,0.42874676
TEST_0420,0.33559275
TEST_0421,0.38107756
TEST_0422,0.102788046
TEST_0423,0.03814388
TEST_0424,0.56658095
TEST_0425,0.27583292
TEST_0426,0.24586564
TEST_0427,0.11557068
TEST_0428,0.44156054
TEST_0429,0.24323297
TEST_0430,0.18072166
TEST_0431,0.15795387
TEST_0432,0.042295184
TEST_0433,0.53144854
TEST_0434,0.28154364
TEST_0435,0.56093585
TEST_0436,0.2572662
TEST_0437,0.5018774
TEST_0438,0.040601403
TEST_0439,0.21082494
TEST_0440,0.08176297
TEST_0441,0.2702257
TEST_0442,0.05877261
TEST_0443,0.10318884
TEST_0444,0.3016999
TEST_0445,0.32299834
TEST_0446,0.3097783
TEST_0447,0.24281257
TEST_0448,0.15269268
TEST_0449,0.03743355
TEST_0450,0.04083916
TEST_0451,0.1966829
TEST_0452,0.5296299
TEST_0453,0.19438985
TEST_0454,0.1306474
TEST_0455,0.08093809
TEST_0456,0.22744524
TEST_0457,0.3153559
TEST_0458,0.20808494
TEST_0459,0.2945871
TEST_0460,0.024540022
TEST_0461,0.06781897
TEST_0462,0.121307254
TEST_0463,0.45632452
TEST_0464,0.15897055
TEST_0465,0.079287216
TEST_0466,0.1131962
TEST_0467,0.15588407
TEST_0468,0.1665878
TEST_0469,0.06780699
TEST_0470,0.3322368
TEST_0471,0.30048904
TEST_0472,0.0809077
TEST_0473,0.068117864
TEST_0474,0.09168766
TEST_0475,0.24945986
TEST_0476,0.58566755
TEST_0477,0.23804049
TEST_0478,0.34014603
TEST_0479,0.7823867
TEST_0480,0.2825947
TEST_0481,0.24049059
TEST_0482,0.28911474
TEST_0483,0.10521409
TEST_0484,0.008488554
TEST_0485,0.3101743
TEST_0486,0.10449015
TEST_0487,0.34593865
TEST_0488,0.31904045
TEST_0489,0.32774723
TEST_0490,0.045789488
TEST_0491,0.039984632
TEST_0492,0.17409854
TEST_0493,0.1591569
TEST_0494,0.35094523
TEST_0495,0.43041837
TEST_0496,0.19834007
TEST_0497,0.62256324
TEST_0498,0.24289851
TEST_0499,0.37392128
TEST_0500,0.122360885
TEST_0501,0.06311459
TEST_0502,0.70373356
TEST_0503,0.22743547
TEST_0504,0.084732704
TEST_0505,0.028210657
TEST_0506,0.22312576
TEST_0507,0.3181771
TEST_0508,0.11875933
TEST_0509,0.21263576
TEST_0510,0.24133213
TEST_0511,0.31639335
TEST_0512,0.5223151
TEST_0513,0.13464524
TEST_0514,0.11776325
TEST_0515,0.827132
TEST_0516,0.30268648
TEST_0517,0.46032286
TEST_0518,0.62863564
TEST_0519,0.3177497
TEST_0520,0.3869161
TEST_0521,0.3253162
TEST_0522,0.18061659
TEST_0523,0.14253259
TEST_0524,0.1990719
TEST_0525,0.17094392
TEST_0526,0.4648042
TEST_0527,0.087022185
TEST_0528,0.6626845
TEST_0529,0.39427346
TEST_0530,0.09757644
TEST_0531,0.34802884
TEST_0532,0.4222326
TEST_0533,0.25925624
TEST_0534,0.2930522
TEST_0535,0.34432307
TEST_0536,0.110251926
TEST_0537,0.17546271
TEST_0538,0.47523427
TEST_0539,0.6439039
TEST_0540,0.2636825
TEST_0541,0.16350663
TEST_0542,0.32870167
TEST_0543,0.2103787
TEST_0544,0.43109053
TEST_0545,0.1620691
TEST_0546,0.19685161
TEST_0547,0.7786741
TEST_0548,0.19604726
TEST_0549,0.6265073
TEST_0550,0.18658286
TEST_0551,0.35702166
TEST_0552,0.32281008
TEST_0553,0.1924053
TEST_0554,0.21472548
TEST_0555,0.43658894
TEST_0556,0.43934146
TEST_0557,0.17290992
TEST_0558,0.111532085
TEST_0559,0.6094749
TEST_0560,0.058925953
TEST_0561,0.14547813
TEST_0562,0.19200243
TEST_0563,0.8402401
TEST_0564,0.58216536
TEST_0565,0.32737097
TEST_0566,0.07223487
TEST_0567,0.25059766
TEST_0568,0.15590905
TEST_0569,0.17343171
TEST_0570,0.22782761
TEST_0571,0.08383849
TEST_0572,0.1292962
TEST_0573,0.2627511
TEST_0574,0.14608377
TEST_0575,0.030794395
TEST_0576,0.15882106
TEST_0577,0.03217218
TEST_0578,0.1870524
TEST_0579,0.24202989
TEST_0580,0.10092865
TEST_0581,0.26705146
TEST_0582,0.4105773
TEST_0583,0.122738846
TEST_0584,0.7705633
TEST_0585,0.08284239
TEST_0586,0.1571495
TEST_0587,0.10858973
TEST_0588,0.52925354
TEST_0589,0.5970211
TEST_0590,0.4867467
TEST_0591,0.082397155
TEST_0592,0.11677269
TEST_0593,0.5118602
TEST_0594,0.57437605
TEST_0595,0.32324472
TEST_0596,0.32958063
TEST_0597,0.098512426
TEST_0598,0.4089523
TEST_0599,0.4370078
TEST_0600,0.1329083
TEST_0601,0.5196452
TEST_0602,0.4219727
TEST_0603,0.24478965
TEST_0604,0.22309254
TEST_0605,0.112379596
TEST_0606,0.3036666
TEST_0607,0.048281364
TEST_0608,0.13077274
TEST_0609,0.20092501
TEST_0610,0.19112965
TEST_0611,0.4852912
TEST_0612,0.22084881
TEST_0613,0.13319084
TEST_0614,0.2539946
TEST_0615,0.20175469
TEST_0616,0.3005744
TEST_0617,0.30235222
TEST_0618,0.13096075
TEST_0619,0.36141253
TEST_0620,0.51632494
TEST_0621,0.2078992
TEST_0622,0.17017825
TEST_0623,0.3954632
TEST_0624,0.57618856
TEST_0625,0.06606474
TEST_0626,0.4836451
TEST_0627,0.08786872
TEST_0628,0.41413748
TEST_0629,0.268288
TEST_0630,0.6269308
TEST_0631,0.15596892
TEST_0632,0.28163254
TEST_0633,0.44544902
TEST_0634,0.40381387
TEST_0635,0.14453885
TEST_0636,0.542122
TEST_0637,0.36259452
TEST_0638,0.45529568
TEST_0639,0.79634386
TEST_0640,0.15688838
TEST_0641,0.65071595
TEST_0642,0.21338573
TEST_0643,0.14311245
TEST_0644,0.14854725
TEST_0645,0.34226373
TEST_0646,0.4830112
TEST_0647,0.094011664
TEST_0648,0.5334706
TEST_0649,0.17575122
TEST_0650,0.56021935
TEST_0651,0.15344055
TEST_0652,0.10079598
TEST_0653,0.51683724
TEST_0654,0.26699284
TEST_0655,0.14573297
TEST_0656,0.04050184
TEST_0657,0.14997761
TEST_0658,0.120210364
TEST_0659,0.22848424
TEST_0660,0.17542407
TEST_0661,0.29775223
TEST_0662,0.12341929
TEST_0663,0.1864098
TEST_0664,0.13186964
TEST_0665,0.1371583
TEST_0666,0.7550109
TEST_0667,0.17021577
TEST_0668,0.24092999
TEST_0669,0.43486276
TEST_0670,0.19756985
TEST_0671,0.08535277
TEST_0672,0.27652466
TEST_0673,0.23891366
TEST_0674,0.051930126
TEST_0675,0.058839504
TEST_0676,0.011765611
TEST_0677,0.5505928
TEST_0678,0.45252794
TEST_0679,0.43675995
TEST_0680,0.44316486
TEST_0681,0.29251105
TEST_0682,0.2312906
TEST_0683,0.7224605
TEST_0684,0.40987003
TEST_0685,0.29838654
TEST_0686,0.15957436
TEST_0687,0.35453388
TEST_0688,0.60772544
TEST_0689,0.20650613
TEST_0690,0.54321575
TEST_0691,0.11858701
TEST_0692,0.33040443
TEST_0693,0.17880687
TEST_0694,0.30139914
TEST_0695,0.3002757
TEST_0696,0.08237184
TEST_0697,0.3965156
TEST_0698,0.3673288
TEST_0699,0.113993794
TEST_0700,0.07142836
TEST_0701,0.7727778
TEST_0702,0.13855164
TEST_0703,0.41096961
TEST_0704,0.17169203
TEST_0705,0.06494764
TEST_0706,0.087730005
TEST_0707,0.47972745
TEST_0708,0.3549892
TEST_0709,0.35762087
TEST_0710,0.13392308
TEST_0711,0.2841523
TEST_0712,0.3666188
TEST_0713,0.18948685
TEST_0714,0.46645752
TEST_0715,0.5518559
TEST_0716,0.54432905
TEST_0717,0.6826337
TEST_0718,0.25526565
TEST_0719,0.3469673
TEST_0720,0.5826212
TEST_0721,0.45250538
TEST_0722,0.027465774
TEST_0723,0.19193769
TEST_0724,0.30950198
TEST_0725,0.15892495
TEST_0726,0.19031037
TEST_0727,0.31777275
TEST_0728,0.67823684
TEST_0729,0.073597685
TEST_0730,0.08717692
TEST_0731,0.25960177
TEST_0732,0.47079298
TEST_0733,0.2573475
TEST_0734,0.13463467
TEST_0735,0.1847063
TEST_0736,0.42981955
TEST_0737,0.29332346
TEST_0738,0.29829767
TEST_0739,0.076938495
TEST_0740,0.30612683
TEST_0741,0.20853543
TEST_0742,0.29219505
TEST_0743,0.59531826
TEST_0744,0.26102507
TEST_0745,0.19537278
TEST_0746,0.16424188
TEST_0747,0.33932805
TEST_0748,0.2864921
TEST_0749,0.26821277
TEST_0750,0.28054756
TEST_0751,0.14605014
TEST_0752,0.8009696
TEST_0753,0.5174813
TEST_0754,0.37180322
TEST_0755,0.15948746
TEST_0756,0.1669205
TEST_0757,0.18709987
TEST_0758,0.10009291
TEST_0759,0.048806485
TEST_0760,0.19772938
TEST_0761,0.25160038
TEST_0762,0.23216274
TEST_0763,0.12953761
TEST_0764,0.21503282
TEST_0765,0.2447305
TEST_0766,0.25552565
TEST_0767,0.049369983
TEST_0768,0.57227874
TEST_0769,0.5946941
TEST_0770,0.39602032
TEST_0771,0.14101045
TEST_0772,0.16108392
TEST_0773,0.026356583
TEST_0774,0.23728864
TEST_0775,0.27244556
TEST_0776,0.39417538
TEST_0777,0.20129031
TEST_0778,0.5509267
TEST_0779,0.34274152
TEST_0780,0.69222987
TEST_0781,0.0929473
TEST_0782,0.18364574
TEST_0783,0.11573027
TEST_0784,0.04292495
TEST_0785,0.38090667
TEST_0786,0.3222788
TEST_0787,0.22500484
TEST_0788,0.6946593
TEST_0789,0.30600637
TEST_0790,0.07712654
TEST_0791,0.7391295
TEST_0792,0.2099479
TEST_0793,0.16462024
TEST_0794,0.05186913
TEST_0795,0.09010779
TEST_0796,0.21086
TEST_0797,0.70286906
TEST_0798,0.31513032
TEST_0799,0.090295896
TEST_0800,0.6272478
TEST_0801,0.59644055
TEST_0802,0.2231082
TEST_0803,0.19442633
TEST_0804,0.26617792
TEST_0805,0.051500123
TEST_0806,0.39398333
TEST_0807,0.041966476
TEST_0808,0.31765842
TEST_0809,0.11580128
TEST_0810,0.46293694
TEST_0811,0.03815437
TEST_0812,0.19491175
TEST_0813,0.19616409
TEST_0814,0.5504278
TEST_0815,0.25200158
TEST_0816,0.5154697
TEST_0817,0.08584951
TEST_0818,0.1436733
TEST_0819,0.4692794
TEST_0820,0.24552888
TEST_0821,0.14458025
TEST_0822,0.68587834
TEST_0823,0.09321254
TEST_0824,0.25086978
TEST_0825,0.06641519
TEST_0826,0.12852779
TEST_0827,0.16741416
TEST_0828,0.20428196
TEST_0829,0.669395
TEST_0830,0.1249139
TEST_0831,0.60867286
TEST_0832,0.28879216
TEST_0833,0.66425365
TEST_0834,0.09181118
TEST_0835,0.4153031
TEST_0836,0.16653022
TEST_0837,0.15210652
TEST_0838,0.55002683
TEST_0839,0.08768981
TEST_0840,0.01801171
TEST_0841,0.11839436
TEST_0842,0.14565964
TEST_0843,0.27858683
TEST_0844,0.52238363
TEST_0845,0.11111749
TEST_0846,0.44810414
TEST_0847,0.22987239
TEST_0848,0.688695
TEST_0849,0.7159479
TEST_0850,0.26595485
TEST_0851,0.4118482
TEST_0852,0.36784422
TEST_0853,0.26388142
TEST_0854,0.2029069
TEST_0855,0.07162973
TEST_0856,0.54277796
TEST_0857,0.5212099
TEST_0858,0.19313091
TEST_0859,0.21819484
TEST_0860,0.2566705
TEST_0861,0.03396294
TEST_0862,0.41934845
TEST_0863,0.43234038
TEST_0864,0.5842499
TEST_0865,0.27416807
TEST_0866,0.26932448
TEST_0867,0.17031953
TEST_0868,0.10889669
TEST_0869,0.3747101
TEST_0870,0.116597705
TEST_0871,0.08651342
TEST_0872,0.36802095
TEST_0873,0.33387467
TEST_0874,0.20500368
TEST_0875,0.6018776
TEST_0876,0.6896449
TEST_0877,0.48678002
TEST_0878,0.34257346
TEST_0879,0.5841104
TEST_0880,0.19159184
TEST_0881,0.047400072
TEST_0882,0.8251933
TEST_0883,0.20632768
TEST_0884,0.3305947
TEST_0885,0.06046563
TEST_0886,0.30828425
TEST_0887,0.19029939
TEST_0888,0.5159918
TEST_0889,0.13082509
TEST_0890,0.1666619
TEST_0891,0.10339801
TEST_0892,0.7343554
TEST_0893,0.053462308
TEST_0894,0.6310497
TEST_0895,0.6556332
TEST_0896,0.3093425
TEST_0897,0.5692188
TEST_0898,0.38463882
TEST_0899,0.25315514
TEST_0900,0.18787687
TEST_0901,0.33955032
TEST_0902,0.39827278
TEST_0903,0.028188327
TEST_0904,0.5298372
TEST_0905,0.11474893
TEST_0906,0.5496457
TEST_0907,0.0783267
TEST_0908,0.17060997
TEST_0909,0.18295981
TEST_0910,0.31449717
TEST_0911,0.22639795
TEST_0912,0.6333947
TEST_0913,0.12913701
TEST_0914,0.14249985
TEST_0915,0.2707329
TEST_0916,0.07531762
TEST_0917,0.4108181
TEST_0918,0.4270513
TEST_0919,0.23403037
TEST_0920,0.14972475
TEST_0921,0.1292038
TEST_0922,0.37841165
TEST_0923,0.4796975
TEST_0924,0.5138248
TEST_0925,0.2536532
TEST_0926,0.20395982
TEST_0927,0.18701386
TEST_0928,0.18258747
TEST_0929,0.103614
TEST_0930,0.123127826
TEST_0931,0.19876106
TEST_0932,0.08953077
TEST_0933,0.11513855
TEST_0934,0.38539594
TEST_0935,0.5898381
TEST_0936,0.2038697
TEST_0937,0.016739523
TEST_0938,0.044340298
TEST_0939,0.10892123
TEST_0940,0.29199484
TEST_0941,0.09935755
TEST_0942,0.44507197
TEST_0943,0.1375104
TEST_0944,0.18524145
TEST_0945,0.37817708
TEST_0946,0.015598291
TEST_0947,0.15562187
TEST_0948,0.16706164
TEST_0949,0.09164498
TEST_0950,0.20408495
TEST_0951,0.7142248
TEST_0952,0.08990293
TEST_0953,0.3600376
TEST_0954,0.0921369
TEST_0955,0.50055486
TEST_0956,0.20802842
TEST_0957,0.19050424
TEST_0958,0.39983368
TEST_0959,0.5298291
TEST_0960,0.1104529
TEST_0961,0.5363565
TEST_0962,0.12855966
TEST_0963,0.06204922
TEST_0964,0.35451877
TEST_0965,0.24244434
TEST_0966,0.5559778
TEST_0967,0.060869854
TEST_0968,0.08501499
TEST_0969,0.20167921
TEST_0970,0.13502249
TEST_0971,0.12983927
TEST_0972,0.069175996
TEST_0973,0.16118707
TEST_0974,0.123247854
TEST_0975,0.60395885
TEST_0976,0.18325838
TEST_0977,0.12928043
TEST_0978,0.1253336
TEST_0979,0.20030037
TEST_0980,0.44800395
TEST_0981,0.44934636
TEST_0982,0.11395256
TEST_0983,0.24215534
TEST_0984,0.052613415
TEST_0985,0.7201798
TEST_0986,0.17122993
TEST_0987,0.34914485
TEST_0988,0.2418384
TEST_0989,0.15835342
TEST_0990,0.27197188
TEST_0991,0.12467941
TEST_0992,0.3123824
TEST_0993,0.24960539
TEST_0994,0.04130944
TEST_0995,0.039874963
TEST_0996,0.040835693
TEST_0997,0.10857429
TEST_0998,0.48154774
TEST_0999,0.41873157
TEST_1000,0.2422903
TEST_1001,0.09975802
TEST_1002,0.24335273
TEST_1003,0.1698896
TEST_1004,0.30750048
TEST_1005,0.5093983
TEST_1006,0.50707257
TEST_1007,0.7951452
TEST_1008,0.55242646
TEST_1009,0.15280874
TEST_1010,0.15045753
TEST_1011,0.13672829
TEST_1012,0.09966946
TEST_1013,0.11480283
TEST_1014,0.4884677
TEST_1015,0.097369395
TEST_1016,0.03868527
TEST_1017,0.11336163
TEST_1018,0.14329389
TEST_1019,0.31642064
TEST_1020,0.11608574
TEST_1021,0.3312772
TEST_1022,0.21092825
TEST_1023,0.5484263
TEST_1024,0.12503204
TEST_1025,0.058533818
TEST_1026,0.646638
TEST_1027,0.3829679
TEST_1028,0.22326103
TEST_1029,0.8007961
TEST_1030,0.20445561
TEST_1031,0.2137589
TEST_1032,0.28164354
TEST_1033,0.442751
TEST_1034,0.16287464
TEST_1035,0.076975115
TEST_1036,0.23544389
TEST_1037,0.10517268
TEST_1038,0.18300517
TEST_1039,0.4113188
TEST_1040,0.094011925
TEST_1041,0.44317314
TEST_1042,0.32919368
TEST_1043,0.11331424
TEST_1044,0.08910808
TEST_1045,0.45321327
TEST_1046,0.5214141
TEST_1047,0.32311893
TEST_1048,0.25616315
TEST_1049,0.1974652
TEST_1050,0.046873562
TEST_1051,0.26032215
TEST_1052,0.25237942
TEST_1053,0.39190704
TEST_1054,0.49951327
TEST_1055,0.56891096
TEST_1056,0.7120999
TEST_1057,0.26811504
TEST_1058,0.14528392
TEST_1059,0.091585256
TEST_1060,0.12149313
TEST_1061,0.16773184
TEST_1062,0.8690622
TEST_1063,0.51147634
TEST_1064,0.14739971
TEST_1065,0.21812838
TEST_1066,0.5561846
TEST_1067,0.31925613
TEST_1068,0.3083802
TEST_1069,0.31094438
TEST_1070,0.42698297
TEST_1071,0.111515686
TEST_1072,0.15931188
TEST_1073,0.10339737
TEST_1074,0.2785115
TEST_1075,0.26795256
TEST_1076,0.20394681
TEST_1077,0.0801853
TEST_1078,0.28330192
TEST_1079,0.022720596
TEST_1080,0.17671603
TEST_1081,0.03754932
TEST_1082,0.115686744
TEST_1083,0.41715822
TEST_1084,0.20433928
TEST_1085,0.052933335
TEST_1086,0.7081088
TEST_1087,0.3278589
TEST_1088,0.19624802
TEST_1089,0.22061272
TEST_1090,0.65415424
TEST_1091,0.24171342
TEST_1092,0.11987704
TEST_1093,0.16936119
TEST_1094,0.4147419
TEST_1095,0.34737664
TEST_1096,0.26624542
TEST_1097,0.068916544
TEST_1098,0.41479957
TEST_1099,0.3905492
TEST_1100,0.27302635
TEST_1101,0.45745546
TEST_1102,0.583431
TEST_1103,0.24144301
TEST_1104,0.13256578
TEST_1105,0.31420684
TEST_1106,0.08550858
TEST_1107,0.07723911
TEST_1108,0.40216905
TEST_1109,0.41145584
TEST_1110,0.2635783
TEST_1111,0.42499498
TEST_1112,0.14361338
TEST_1113,0.05242285
TEST_1114,0.47051445
TEST_1115,0.090583906
TEST_1116,0.39667228
TEST_1117,0.3598083
TEST_1118,0.15115133
TEST_1119,0.5128046
TEST_1120,0.34202373
TEST_1121,0.11889922
TEST_1122,0.1414071
TEST_1123,0.25595406
TEST_1124,0.16078535
TEST_1125,0.43559852
TEST_1126,0.053654004
TEST_1127,0.15354472
TEST_1128,0.2554817
TEST_1129,0.46727642
TEST_1130,0.31537428
TEST_1131,0.15302284
TEST_1132,0.26418543
TEST_1133,0.09034865
TEST_1134,0.57180846
TEST_1135,0.5416968
TEST_1136,0.5035936
TEST_1137,0.06674226
TEST_1138,0.65434617
TEST_1139,0.066820845
TEST_1140,0.15503721
TEST_1141,0.20528427
TEST_1142,0.099816896
TEST_1143,0.09908056
TEST_1144,0.5646477
TEST_1145,0.63949805
TEST_1146,0.5503711
TEST_1147,0.8324691
TEST_1148,0.11925874
TEST_1149,0.3181045
TEST_1150,0.44884083
TEST_1151,0.20248021
TEST_1152,0.20195682
TEST_1153,0.22603658
TEST_1154,0.101304136
TEST_1155,0.41665596
TEST_1156,0.3614354
TEST_1157,0.31907502
TEST_1158,0.17668293
TEST_1159,0.1561508
TEST_1160,0.35085726
TEST_1161,0.458649
TEST_1162,0.10857452
TEST_1163,0.08444367
TEST_1164,0.12421196
TEST_1165,0.35749632
TEST_1166,0.32809618
TEST_1167,0.5368624
TEST_1168,0.515365
TEST_1169,0.444742
TEST_1170,0.29172233
TEST_1171,0.22337641
TEST_1172,0.24631271
TEST_1173,0.076241516
TEST_1174,0.050482266
TEST_1175,0.30456033
TEST_1176,0.07664344
TEST_1177,0.30453086
TEST_1178,0.122350104
TEST_1179,0.17008816
TEST_1180,0.4550173
TEST_1181,0.12820007
TEST_1182,0.027368579
TEST_1183,0.7731855
TEST_1184,0.27545068
TEST_1185,0.45079395
TEST_1186,0.12885915
TEST_1187,0.41244224
TEST_1188,0.1792519
TEST_1189,0.31213963
TEST_1190,0.71222323
TEST_1191,0.2819516
TEST_1192,0.30079174
TEST_1193,0.38706425
TEST_1194,0.21990044
TEST_1195,0.83762664
TEST_1196,0.4293531
TEST_1197,0.12266781
TEST_1198,0.3437591
TEST_1199,0.59817296
TEST_1200,0.34487474
TEST_1201,0.33491555
TEST_1202,0.28257293
TEST_1203,0.4432152
TEST_1204,0.1473179
TEST_1205,0.088190354
TEST_1206,0.11976652
TEST_1207,0.15808925
TEST_1208,0.42547986
TEST_1209,0.2542468
TEST_1210,0.2109542
TEST_1211,0.3508045
TEST_1212,0.16581398
TEST_1213,0.31089506
TEST_1214,0.108875036
TEST_1215,0.7757612
TEST_1216,0.8160201
TEST_1217,0.05025872
TEST_1218,0.3548011
TEST_1219,0.055088073
TEST_1220,0.13088545
TEST_1221,0.4009361
TEST_1222,0.16300435
TEST_1223,0.06687843
TEST_1224,0.3649612
TEST_1225,0.28430972
TEST_1226,0.25268474
TEST_1227,0.203413
TEST_1228,0.059297938
TEST_1229,0.24170433
TEST_1230,0.048223455
TEST_1231,0.124226466
TEST_1232,0.3932252
TEST_1233,0.3432699
TEST_1234,0.07431058
TEST_1235,0.5323285
TEST_1236,0.8289265
TEST_1237,0.24195704
TEST_1238,0.5916896
TEST_1239,0.3276148
TEST_1240,0.2906238
TEST_1241,0.28801483
TEST_1242,0.07691377
TEST_1243,0.08924949
TEST_1244,0.40769568
TEST_1245,0.4145364
TEST_1246,0.43926746
TEST_1247,0.12259503
TEST_1248,0.5061844
TEST_1249,0.22485192
TEST_1250,0.036938064
TEST_1251,0.15118837
TEST_1252,0.37624875
TEST_1253,0.07436221
TEST_1254,0.54364425
TEST_1255,0.30524167
TEST_1256,0.34686464
TEST_1257,0.17319186
TEST_1258,0.309975
TEST_1259,0.45917296
TEST_1260,0.70575225
TEST_1261,0.14982918
TEST_1262,0.32031828
TEST_1263,0.06109415
TEST_1264,0.15275718
TEST_1265,0.23970841
TEST_1266,0.36583236
TEST_1267,0.29428032
TEST_1268,0.14417861
TEST_1269,0.4310963
TEST_1270,0.23186503
TEST_1271,0.26351887
TEST_1272,0.4491583
TEST_1273,0.26733017
TEST_1274,0.11982586
TEST_1275,0.19380231
TEST_1276,0.306434
TEST_1277,0.019021934
TEST_1278,0.8774926
TEST_1279,0.16887672
TEST_1280,0.551607
TEST_1281,0.28330684
TEST_1282,0.11568362
TEST_1283,0.04219445
TEST_1284,0.16802552
TEST_1285,0.13224292
TEST_1286,0.13145307
TEST_1287,0.44527802
TEST_1288,0.27553442
TEST_1289,0.14196727
TEST_1290,0.8492333
TEST_1291,0.054332614
TEST_1292,0.054100126
TEST_1293,0.31666034
TEST_1294,0.27283412
TEST_1295,0.054660916
TEST_1296,0.21372575
TEST_1297,0.348252
TEST_1298,0.19007209
TEST_1299,0.16878071
TEST_1300,0.15091912
TEST_1301,0.43974844
TEST_1302,0.13821203
TEST_1303,0.3771441
TEST_1304,0.25332457
TEST_1305,0.3533466
TEST_1306,0.18249853
TEST_1307,0.04785573
TEST_1308,0.035704065
TEST_1309,0.16441303
TEST_1310,0.46689057
TEST_1311,0.23623472
TEST_1312,0.20025243
TEST_1313,0.56052
TEST_1314,0.33823043
TEST_1315,0.13846566
TEST_1316,0.21938857
TEST_1317,0.22057824
TEST_1318,0.5103527
TEST_1319,0.6401095
TEST_1320,0.42338327
TEST_1321,0.16386034
TEST_1322,0.71323884
TEST_1323,0.2917141
TEST_1324,0.17158386
TEST_1325,0.28379542
TEST_1326,0.49529082
TEST_1327,0.43972835
TEST_1328,0.052218203
TEST_1329,0.66363835
TEST_1330,0.23220295
TEST_1331,0.3484933
TEST_1332,0.33569396
TEST_1333,0.11791231
TEST_1334,0.31281117
TEST_1335,0.27749285
TEST_1336,0.039216742
TEST_1337,0.70909494
TEST_1338,0.5563975
TEST_1339,0.33431664
TEST_1340,0.5899272
TEST_1341,0.29113796
TEST_1342,0.3261419
TEST_1343,0.32535762
TEST_1344,0.6331952
TEST_1345,0.23895574
TEST_1346,0.7756688
TEST_1347,0.116199896
TEST_1348,0.748249
TEST_1349,0.030686518
TEST_1350,0.36290565
TEST_1351,0.54647493
TEST_1352,0.022084806
TEST_1353,0.1853817
TEST_1354,0.34763098
TEST_1355,0.16868491
TEST_1356,0.08466953
TEST_1357,0.41707996
TEST_1358,0.054376766
TEST_1359,0.21749328
TEST_1360,0.24666311
TEST_1361,0.11015038
TEST_1362,0.17867841
TEST_1363,0.21092744
TEST_1364,0.5255956
TEST_1365,0.50104094
TEST_1366,0.27167675
TEST_1367,0.4490801
TEST_1368,0.6405862
TEST_1369,0.7715832
TEST_1370,0.04666388
TEST_1371,0.4191791
TEST_1372,0.73995763
TEST_1373,0.5898749
TEST_1374,0.16171591
TEST_1375,0.38649425
TEST_1376,0.1311468
TEST_1377,0.2338594
TEST_1378,0.7024048
TEST_1379,0.5866144
TEST_1380,0.10446767
TEST_1381,0.28081045
TEST_1382,0.2429578
TEST_1383,0.061873164
TEST_1384,0.1904465
TEST_1385,0.50128585
TEST_1386,0.3044396
TEST_1387,0.21447971
TEST_1388,0.442276
TEST_1389,0.08661149
TEST_1390,0.086186394
TEST_1391,0.43436337
TEST_1392,0.29350784
TEST_1393,0.0305363
TEST_1394,0.39897785
TEST_1395,0.45679137
TEST_1396,0.39251283
TEST_1397,0.15123706
TEST_1398,0.6660872
TEST_1399,0.49403027
TEST_1400,0.2263637
TEST_1401,0.10300548
TEST_1402,0.10977687
TEST_1403,0.17543279
TEST_1404,0.095973946
TEST_1405,0.26620468
TEST_1406,0.41975
TEST_1407,0.16531879
TEST_1408,0.21080048
TEST_1409,0.4342048
TEST_1410,0.09496347
TEST_1411,0.11357675
TEST_1412,0.056688264
TEST_1413,0.05163148
TEST_1414,0.09123902
TEST_1415,0.44371435
TEST_1416,0.3868975
TEST_1417,0.3358056
TEST_1418,0.6138101
TEST_1419,0.12838273
TEST_1420,0.18350044
TEST_1421,0.120153226
TEST_1422,0.5787573
TEST_1423,0.35862127
TEST_1424,0.5515206
TEST_1425,0.15418704
TEST_1426,0.1846996
TEST_1427,0.18120524
TEST_1428,0.21962117
TEST_1429,0.22516967
TEST_1430,0.5240662
TEST_1431,0.2543158
TEST_1432,0.15466683
TEST_1433,0.354334
TEST_1434,0.61597544
TEST_1435,0.41338918
TEST_1436,0.07167136
TEST_1437,0.35026088
TEST_1438,0.14654215
TEST_1439,0.22149712
TEST_1440,0.4045795
TEST_1441,0.09791574
TEST_1442,0.16148056
TEST_1443,0.325878
TEST_1444,0.51108456
TEST_1445,0.17236409
TEST_1446,0.8972419
TEST_1447,0.25636423
TEST_1448,0.15648855
TEST_1449,0.17807887
TEST_1450,0.19606638
TEST_1451,0.47638455
TEST_1452,0.3989168
TEST_1453,0.0808138
TEST_1454,0.5056196
TEST_1455,0.21273191
TEST_1456,0.45996752
TEST_1457,0.2297011
TEST_1458,0.77522475
TEST_1459,0.13825887
TEST_1460,0.11127572
TEST_1461,0.08896313
TEST_1462,0.07207101
TEST_1463,0.26833034
TEST_1464,0.28976452
TEST_1465,0.30519104
TEST_1466,0.032282222
TEST_1467,0.18275002
TEST_1468,0.8430321
TEST_1469,0.051421963
TEST_1470,0.62073076
TEST_1471,0.5107445
TEST_1472,0.1893614
TEST_1473,0.06914252
TEST_1474,0.22796604
TEST_1475,0.0998188
TEST_1476,0.11870864
TEST_1477,0.19737235
TEST_1478,0.50285846
TEST_1479,0.11995177
TEST_1480,0.08619207
TEST_1481,0.19672881
TEST_1482,0.34324628
TEST_1483,0.1797163
TEST_1484,0.08960467
TEST_1485,0.43244928
TEST_1486,0.25137776
TEST_1487,0.052290585
TEST_1488,0.7743743
TEST_1489,0.3787495
TEST_1490,0.20779929
TEST_1491,0.10905705
TEST_1492,0.09760371
TEST_1493,0.17421849
TEST_1494,0.058016542
TEST_1495,0.13071325
TEST_1496,0.36854547
TEST_1497,0.19731791
TEST_1498,0.543119
TEST_1499,0.49194685
TEST_1500,0.17146197
TEST_1501,0.2820394
TEST_1502,0.43123415
TEST_1503,0.19459422
TEST_1504,0.92889917
TEST_1505,0.5311165
TEST_1506,0.12061299
TEST_1507,0.4916768
TEST_1508,0.81189644
TEST_1509,0.5642096
TEST_1510,0.10414782
TEST_1511,0.302595
TEST_1512,0.52083206
TEST_1513,0.49308404
TEST_1514,0.07262116
TEST_1515,0.34873715
TEST_1516,0.19198439
TEST_1517,0.3396701
TEST_1518,0.14316866
TEST_1519,0.18668385
TEST_1520,0.10582748
TEST_1521,0.041496105
TEST_1522,0.48038414
TEST_1523,0.494088
TEST_1524,0.24122019
TEST_1525,0.42729843
TEST_1526,0.5082956
TEST_1527,0.34215173
TEST_1528,0.14851984
TEST_1529,0.3235086
TEST_1530,0.19927491
TEST_1531,0.2562495
TEST_1532,0.19933607
TEST_1533,0.3923596
TEST_1534,0.35215658
TEST_1535,0.4060165
TEST_1536,0.17092472
TEST_1537,0.64472514
TEST_1538,0.26746243
TEST_1539,0.19187604
TEST_1540,0.1444611
TEST_1541,0.09084356
TEST_1542,0.7264173
TEST_1543,0.3757925
TEST_1544,0.22156677
TEST_1545,0.3138335
TEST_1546,0.17362165
TEST_1547,0.14420483
TEST_1548,0.06469981
TEST_1549,0.16774222
TEST_1550,0.519021
TEST_1551,0.25228128
TEST_1552,0.22500868
TEST_1553,0.14864008
TEST_1554,0.13797703
TEST_1555,0.22877818
TEST_1556,0.14784025
TEST_1557,0.3071895
TEST_1558,0.72720075
TEST_1559,0.16875485
TEST_1560,0.29529724
TEST_1561,0.3002503
TEST_1562,0.44286
TEST_1563,0.39104977
TEST_1564,0.11711318
TEST_1565,0.31638342
TEST_1566,0.1610223
TEST_1567,0.56559634
TEST_1568,0.15934995
TEST_1569,0.13830191
TEST_1570,0.32631454
TEST_1571,0.4146698
TEST_1572,0.4797156
TEST_1573,0.21214207
TEST_1574,0.5633724
TEST_1575,0.30771923
TEST_1576,0.5006531
TEST_1577,0.2764632
TEST_1578,0.14195058
TEST_1579,0.2201322
TEST_1580,0.15129209
TEST_1581,0.15629521
TEST_1582,0.20776318
TEST_1583,0.108413376
TEST_1584,0.15425979
TEST_1585,0.24557148
TEST_1586,0.22904229
TEST_1587,0.17168358
TEST_1588,0.2184238
TEST_1589,0.16249602
TEST_1590,0.69133466
TEST_1591,0.2908425
TEST_1592,0.23185873
TEST_1593,0.42616135
TEST_1594,0.26947612
TEST_1595,0.51455915
TEST_1596,0.113195926
TEST_1597,0.24398056
TEST_1598,0.17915003
TEST_1599,0.2722072
TEST_1600,0.31104365
TEST_1601,0.079464644
TEST_1602,0.046433628
TEST_1603,0.09758261
TEST_1604,0.8591986
TEST_1605,0.34868032
TEST_1606,0.11192475
TEST_1607,0.13630019
TEST_1608,0.027862053
TEST_1609,0.30539963
TEST_1610,0.11510867
TEST_1611,0.10091691
TEST_1612,0.4878737
TEST_1613,0.11888982
TEST_1614,0.31588593
TEST_1615,0.54388636
TEST_1616,0.8151191
TEST_1617,0.03160547
TEST_1618,0.12618145
TEST_1619,0.11346437
TEST_1620,0.19847275
TEST_1621,0.3541167
TEST_1622,0.075090006
TEST_1623,0.21926764
TEST_1624,0.453467
TEST_1625,0.42905205
TEST_1626,0.66977453
TEST_1627,0.31927535
TEST_1628,0.5580981
TEST_1629,0.24589507
TEST_1630,0.20946681
TEST_1631,0.12546122
TEST_1632,0.13573553
TEST_1633,0.49671292
TEST_1634,0.05441819
TEST_1635,0.05514573
TEST_1636,0.38474017
TEST_1637,0.09209657
TEST_1638,0.49811077
TEST_1639,0.24466202
TEST_1640,0.28877455
TEST_1641,0.22831705
TEST_1642,0.09394619
TEST_1643,0.53644204
TEST_1644,0.58298904
TEST_1645,0.18919489
TEST_1646,0.20609751
TEST_1647,0.09726761
TEST_1648,0.19432753
TEST_1649,0.20080207
TEST_1650,0.12931338
TEST_1651,0.1196801
TEST_1652,0.07509196
TEST_1653,0.07113118
TEST_1654,0.16516726
TEST_1655,0.35541955
TEST_1656,0.11805613
TEST_1657,0.27512178
TEST_1658,0.04533292
TEST_1659,0.7007226
TEST_1660,0.420641
TEST_1661,0.22325037
TEST_1662,0.15748528
TEST_1663,0.38902348
TEST_1664,0.36802393
TEST_1665,0.097762324
TEST_1666,0.6505004
TEST_1667,0.59943634
TEST_1668,0.13267097
TEST_1669,0.2778924
TEST_1670,0.24116252
TEST_1671,0.27669054
TEST_1672,0.42896605
TEST_1673,0.2516796
TEST_1674,0.23947024
TEST_1675,0.7366196
TEST_1676,0.400149
TEST_1677,0.10266429
TEST_1678,0.20006128
TEST_1679,0.16568825
TEST_1680,0.26020503
TEST_1681,0.44729948
TEST_1682,0.252409
TEST_1683,0.53583866
TEST_1684,0.47146738
TEST_1685,0.21991439
TEST_1686,0.248203
TEST_1687,0.5754668
TEST_1688,0.14333856
TEST_1689,0.11040803
TEST_1690,0.28621605
TEST_1691,0.07444307
TEST_1692,0.38491842
TEST_1693,0.38917378
TEST_1694,0.1581064
TEST_1695,0.08769403
TEST_1696,0.4980708
TEST_1697,0.21393068
TEST_1698,0.17319992
TEST_1699,0.36518615
TEST_1700,0.05521034
TEST_1701,0.81022376
TEST_1702,0.18841119
TEST_1703,0.15282458
TEST_1704,0.20585282
TEST_1705,0.12926799
TEST_1706,0.23167625
TEST_1707,0.35025123
TEST_1708,0.06726073
TEST_1709,0.2580342
TEST_1710,0.19968715
TEST_1711,0.052974068
TEST_1712,0.4347742
TEST_1713,0.35131922
TEST_1714,0.2344888
TEST_1715,0.15858811
TEST_1716,0.12717497
TEST_1717,0.37972596
TEST_1718,0.2664935
TEST_1719,0.28091812
TEST_1720,0.37748766
TEST_1721,0.093822874
TEST_1722,0.25627792
TEST_1723,0.2367732
TEST_1724,0.20373367
TEST_1725,0.20374516
TEST_1726,0.31164008
TEST_1727,0.16299158
TEST_1728,0.26317397
TEST_1729,0.44750595
TEST_1730,0.49093705
TEST_1731,0.10600955
TEST_1732,0.41554102
TEST_1733,0.44075465
TEST_1734,0.053528283
TEST_1735,0.28407428
TEST_1736,0.32491586
TEST_1737,0.57367384
TEST_1738,0.24257864
TEST_1739,0.27574638
TEST_1740,0.46548218
TEST_1741,0.11371522
TEST_1742,0.13322945
TEST_1743,0.35733142
TEST_1744,0.20820612
TEST_1745,0.09151776
TEST_1746,0.45575547
TEST_1747,0.76263434
TEST_1748,0.5385863
TEST_1749,0.056818593
TEST_1750,0.05794493
TEST_1751,0.27434114
TEST_1752,0.5408121
TEST_1753,0.11266067
TEST_1754,0.3153932
TEST_1755,0.6473268
TEST_1756,0.11231016
TEST_1757,0.83291024
TEST_1758,0.08094629
TEST_1759,0.6947744
TEST_1760,0.21341631
TEST_1761,0.23310813
TEST_1762,0.07916313
TEST_1763,0.17955026
TEST_1764,0.59965503
TEST_1765,0.06842035
TEST_1766,0.27906743
TEST_1767,0.4322351
TEST_1768,0.407945
TEST_1769,0.26767212
TEST_1770,0.6800229
TEST_1771,0.10670023
TEST_1772,0.33256382
TEST_1773,0.39532283
TEST_1774,0.79160243
TEST_1775,0.08731736
TEST_1776,0.7934761
TEST_1777,0.2525347
TEST_1778,0.071138926
TEST_1779,0.5502156
TEST_1780,0.5045984
TEST_1781,0.2830718
TEST_1782,0.5666841
TEST_1783,0.5589879
TEST_1784,0.20674527
TEST_1785,0.12472665
TEST_1786,0.0795652
TEST_1787,0.36656925
TEST_1788,0.22333217
TEST_1789,0.13285631
TEST_1790,0.059916887
TEST_1791,0.40605724
TEST_1792,0.21078405
TEST_1793,0.31516984
TEST_1794,0.3274859
TEST_1795,0.3700247
TEST_1796,0.2045346
TEST_1797,0.63416916
TEST_1798,0.059199896
TEST_1799,0.46653143
TEST_1800,0.16622108
TEST_1801,0.20608096
TEST_1802,0.23944525
TEST_1803,0.29249224
TEST_1804,0.084607095
TEST_1805,0.5134813
TEST_1806,0.23496121
TEST_1807,0.16029325
TEST_1808,0.28904882
TEST_1809,0.47788942
TEST_1810,0.19786303
TEST_1811,0.27631596
TEST_1812,0.047661312
TEST_1813,0.47245613
TEST_1814,0.1843253
TEST_1815,0.068551406
TEST_1816,0.13332808
TEST_1817,0.5610011
TEST_1818,0.30154347
TEST_1819,0.22662868
TEST_1820,0.25530136
TEST_1821,0.3373708
TEST_1822,0.71505
TEST_1823,0.12827432
TEST_1824,0.18648784
TEST_1825,0.3174015
TEST_1826,0.38504326
TEST_1827,0.13340862
TEST_1828,0.1916066
TEST_1829,0.52633315
TEST_1830,0.12992284
TEST_1831,0.19546928
TEST_1832,0.25295177
TEST_1833,0.25180435
TEST_1834,0.6774899
TEST_1835,0.13862176
TEST_1836,0.31579223
TEST_1837,0.098952055
TEST_1838,0.21131422
TEST_1839,0.11419108
TEST_1840,0.20727387
TEST_1841,0.2035033
TEST_1842,0.34719107
TEST_1843,0.34325653
TEST_1844,0.60878617
TEST_1845,0.10879615
TEST_1846,0.20382607
TEST_1847,0.48046458
TEST_1848,0.3356543
TEST_1849,0.39407614
TEST_1850,0.16369268
TEST_1851,0.16540271
TEST_1852,0.7005758
TEST_1853,0.43018997
TEST_1854,0.20049189
TEST_1855,0.7299725
TEST_1856,0.064324915
TEST_1857,0.4272386
TEST_1858,0.2543112
TEST_1859,0.46177253
TEST_1860,0.28406274
TEST_1861,0.23572487
TEST_1862,0.20675097
TEST_1863,0.16389781
TEST_1864,0.42461327
TEST_1865,0.15064715
TEST_1866,0.3700853
TEST_1867,0.72540367
TEST_1868,0.16781953
TEST_1869,0.20713517
TEST_1870,0.06364062
TEST_1871,0.2219772
TEST_1872,0.69158417
TEST_1873,0.28475818
TEST_1874,0.36113998
TEST_1875,0.059312206
TEST_1876,0.35363922
TEST_1877,0.18461694
TEST_1878,0.24913839
TEST_1879,0.70968074
TEST_1880,0.13471341
TEST_1881,0.32584846
TEST_1882,0.47215405
TEST_1883,0.2822867
TEST_1884,0.082943015
TEST_1885,0.51532537
TEST_1886,0.09165822
TEST_1887,0.11149681
TEST_1888,0.15050422
TEST_1889,0.08972868
TEST_1890,0.13792914
TEST_1891,0.73907787
TEST_1892,0.22605641
TEST_1893,0.112054706
TEST_1894,0.27801657
TEST_1895,0.7133824
TEST_1896,0.3767378
TEST_1897,0.09704881
TEST_1898,0.045402445
TEST_1899,0.19994709
TEST_1900,0.09161698
TEST_1901,0.54292953
TEST_1902,0.043491527
TEST_1903,0.14610285
TEST_1904,0.28644466
TEST_1905,0.14613982
TEST_1906,0.13156493
TEST_1907,0.19620532
TEST_1908,0.36026248
TEST_1909,0.078866854
TEST_1910,0.40737084
TEST_1911,0.20242254
TEST_1912,0.2670767
TEST_1913,0.09403973
TEST_1914,0.33403218
TEST_1915,0.35313454
TEST_1916,0.09824577
TEST_1917,0.14539994
TEST_1918,0.13838527
TEST_1919,0.10712817
TEST_1920,0.16628787
TEST_1921,0.41151193
TEST_1922,0.06686287
TEST_1923,0.18223926
TEST_1924,0.11049388
TEST_1925,0.1838694
TEST_1926,0.677747
TEST_1927,0.12872414
TEST_1928,0.08942006
TEST_1929,0.73332155
TEST_1930,0.06579575
TEST_1931,0.05920131
TEST_1932,0.05272514
TEST_1933,0.52974135
TEST_1934,0.04575242
TEST_1935,0.23363212
TEST_1936,0.56804067
TEST_1937,0.55419785
TEST_1938,0.25258836
TEST_1939,0.11470119
TEST_1940,0.08878798
TEST_1941,0.15665922
TEST_1942,0.29941455
TEST_1943,0.18619384
TEST_1944,0.18005086
TEST_1945,0.18049686
TEST_1946,0.28131384
TEST_1947,0.1724339
TEST_1948,0.41963157
TEST_1949,0.35786802
TEST_1950,0.37924716
TEST_1951,0.16265333
TEST_1952,0.119951725
TEST_1953,0.5940207
TEST_1954,0.09501137
TEST_1955,0.29670748
TEST_1956,0.10443341
TEST_1957,0.46744603
TEST_1958,0.15275654
TEST_1959,0.17174447
TEST_1960,0.24701943
TEST_1961,0.12065362
TEST_1962,0.3187989
TEST_1963,0.31302008
TEST_1964,0.46805975
TEST_1965,0.28093672
TEST_1966,0.09315323
TEST_1967,0.5377983
TEST_1968,0.10067959
TEST_1969,0.13300158
TEST_1970,0.12017573
TEST_1971,0.2642409
TEST_1972,0.43233213
TEST_1973,0.66164804
TEST_1974,0.12572831
TEST_1975,0.20807615
TEST_1976,0.4609863
TEST_1977,0.081920594
TEST_1978,0.2017951
TEST_1979,0.050150905
TEST_1980,0.18857817
TEST_1981,0.09603236
TEST_1982,0.044779025
TEST_1983,0.24599296
TEST_1984,0.08345811
TEST_1985,0.12331781
TEST_1986,0.17618781
TEST_1987,0.67121506
TEST_1988,0.58532465
TEST_1989,0.19706134
TEST_1990,0.42259428
TEST_1991,0.23432364
TEST_1992,0.15644549
TEST_1993,0.15478575
TEST_1994,0.11394697
TEST_1995,0.19961569
TEST_1996,0.59984887
TEST_1997,0.1537317
TEST_1998,0.30549645
TEST_1999,0.25400734
TEST_2000,0.21886583
TEST_2001,0.3186816
TEST_2002,0.43630213
TEST_2003,0.61454266
TEST_2004,0.058593944
TEST_2005,0.3960031
TEST_2006,0.29457432
TEST_2007,0.2706404
TEST_2008,0.105281085
TEST_2009,0.331852
TEST_2010,0.18716817
TEST_2011,0.2126514
TEST_2012,0.31794897
TEST_2013,0.25344357
TEST_2014,0.11656458
TEST_2015,0.1805367
TEST_2016,0.5256269
TEST_2017,0.28544334
TEST_2018,0.06934351
TEST_2019,0.39553127
TEST_2020,0.2671587
TEST_2021,0.14535156
TEST_2022,0.19685082
TEST_2023,0.29507878
TEST_2024,0.052130558
TEST_2025,0.06869599
TEST_2026,0.15739344
TEST_2027,0.11061417
TEST_2028,0.21084769
TEST_2029,0.42935622
TEST_2030,0.18957455
TEST_2031,0.12699248
TEST_2032,0.2459932
TEST_2033,0.17755598
TEST_2034,0.15712024
TEST_2035,0.12216498
TEST_2036,0.30134568
TEST_2037,0.7742938
TEST_2038,0.19428849
TEST_2039,0.37210122
TEST_2040,0.5554944
TEST_2041,0.25457618
TEST_2042,0.49160787
TEST_2043,0.6450591
TEST_2044,0.6338963
TEST_2045,0.25868204
TEST_2046,0.43568447
TEST_2047,0.2924666
TEST_2048,0.48391017
TEST_2049,0.65259033
TEST_2050,0.10747439
TEST_2051,0.25822687
TEST_2052,0.18648033
TEST_2053,0.1280456
TEST_2054,0.91269666
TEST_2055,0.15732871
TEST_2056,0.35288665
TEST_2057,0.03630999
TEST_2058,0.15249194
TEST_2059,0.2500894
TEST_2060,0.28862426
TEST_2061,0.7185118
